{"raw_file": "ClockworkMapTests-testMapWear__2020-12-07T03:00:20.471Z.csv", "levels": {"names": ["level0", "level1"], "level0": {"names": ["level0/s0.csv", "level0/s1.csv"], "frequency": 0.00010911451500060223, "number": 195335}, "level1": {"names": ["level1/s0.csv"], "frequency": 1.0909496393179725e-06, "number": 1953}}, "raw_number": 195335, "start": 1607310020479006.0, "end": 1607311810662466.0}